"zc","Región","codigoPostal"
1000,10,"01000"
1010,10,"01010"
1020,6,"01020"
1030,6,"01030"
1040,6,"01040"
1048,10,"01048"
1049,10,"01049"
1050,6,"01050"
1060,10,"01060"
1070,6,"01070"
1080,10,"01080"
1089,10,"01089"
1090,10,"01090"
1100,9,"01100"
1109,9,"01109"
1110,9,"01110"
1120,9,"01120"
1125,9,"01125"
1130,9,"01130"
1139,9,"01139"
1140,9,"01140"
1150,10,"01150"
1160,10,"01160"
1170,10,"01170"
1180,10,"01180"
1184,10,"01184"
1200,10,"01200"
1210,9,"01210"
1219,9,"01219"
1220,10,"01220"
1230,9,"01230"
1239,10,"01239"
1240,10,"01240"
1250,10,"01250"
1259,10,"01259"
1260,10,"01260"
1269,10,"01269"
1270,10,"01270"
1275,10,"01275"
1276,10,"01276"
1278,10,"01278"
1279,10,"01279"
1280,10,"01280"
1285,10,"01285"
1289,10,"01289"
1290,10,"01290"
1296,10,"01296"
1298,10,"01298"
1299,10,"01299"
1310,9,"01310"
1320,9,"01320"
1330,9,"01330"
1340,9,"01340"
1376,9,"01376"
1377,10,"01377"
1379,10,"01379"
1389,9,"01389"
1400,10,"01400"
1407,10,"01407"
1408,10,"01408"
1410,10,"01410"
1419,10,"01419"
1420,10,"01420"
1430,10,"01430"
1440,10,"01440"
1450,10,"01450"
1460,10,"01460"
1470,10,"01470"
1480,10,"01480"
1490,10,"01490"
1500,10,"01500"
1509,10,"01509"
1510,10,"01510"
1520,10,"01520"
1530,10,"01530"
1537,10,"01537"
1538,10,"01538"
1539,10,"01539"
1540,10,"01540"
1548,10,"01548"
1549,10,"01549"
1550,10,"01550"
1560,10,"01560"
1566,10,"01566"
1567,10,"01567"
1569,10,"01569"
1588,10,"01588"
1590,10,"01590"
1600,10,"01600"
1610,10,"01610"
1618,10,"01618"
1619,10,"01619"
1620,10,"01620"
1630,10,"01630"
1640,10,"01640"
1645,10,"01645"
1650,10,"01650"
1700,10,"01700"
1708,10,"01708"
1710,10,"01710"
1720,10,"01720"
1729,10,"01729"
1730,10,"01730"
1740,10,"01740"
1750,10,"01750"
1759,10,"01759"
1760,10,"01760"
1770,10,"01770"
1780,10,"01780"
1788,10,"01788"
1789,10,"01789"
1790,10,"01790"
1800,10,"01800"
1807,10,"01807"
1810,10,"01810"
1820,10,"01820"
1830,10,"01830"
1840,10,"01840"
1849,10,"01849"
1856,16,"01856"
1857,10,"01857"
1859,10,"01859"
1860,10,"01860"
1863,16,"01863"
1870,10,"01870"
1900,10,"01900"
1904,10,"01904"
1940,10,"01940"
1990,10,"01990"
2000,14,"02000"
2010,14,"02010"
2020,14,"02020"
2040,14,"02040"
2050,14,"02050"
2060,14,"02060"
2070,14,"02070"
2080,14,"02080"
2090,14,"02090"
2099,14,"02099"
2100,14,"02100"
2109,14,"02109"
2110,14,"02110"
2120,14,"02120"
2125,14,"02125"
2128,14,"02128"
2129,14,"02129"
2130,14,"02130"
2140,14,"02140"
2150,14,"02150"
2160,14,"02160"
2169,14,"02169"
2200,14,"02200"
2230,14,"02230"
2240,14,"02240"
2250,14,"02250"
2260,14,"02260"
2300,14,"02300"
2310,14,"02310"
2320,14,"02320"
2330,14,"02330"
2340,14,"02340"
2350,14,"02350"
2360,14,"02360"
2400,14,"02400"
2409,14,"02409"
2410,14,"02410"
2419,14,"02419"
2420,14,"02420"
2430,14,"02430"
2440,14,"02440"
2450,14,"02450"
2459,14,"02459"
2460,14,"02460"
2470,14,"02470"
2479,14,"02479"
2480,14,"02480"
2490,14,"02490"
2500,14,"02500"
2510,14,"02510"
2519,14,"02519"
2520,14,"02520"
2525,14,"02525"
2530,14,"02530"
2540,14,"02540"
2600,14,"02600"
2630,14,"02630"
2640,14,"02640"
2650,14,"02650"
2660,14,"02660"
2670,14,"02670"
2680,14,"02680"
2700,14,"02700"
2710,14,"02710"
2718,14,"02718"
2719,14,"02719"
2720,14,"02720"
2729,14,"02729"
2730,14,"02730"
2739,14,"02739"
2750,14,"02750"
2760,14,"02760"
2770,14,"02770"
2780,14,"02780"
2790,14,"02790"
2800,14,"02800"
2810,14,"02810"
2830,14,"02830"
2840,14,"02840"
2850,14,"02850"
2860,14,"02860"
2870,14,"02870"
2900,14,"02900"
2910,14,"02910"
2920,14,"02920"
2930,14,"02930"
2940,1,"02940"
2950,14,"02950"
2960,14,"02960"
2970,14,"02970"
2980,14,"02980"
2990,14,"02990"
3000,7,"03000"
3010,7,"03010"
3020,7,"03020"
3023,7,"03023"
3100,8,"03100"
3103,8,"03103"
3104,8,"03104"
3200,8,"03200"
3220,8,"03220"
3230,7,"03230"
3240,7,"03240"
3300,7,"03300"
3303,7,"03303"
3310,7,"03310"
3313,7,"03313"
3320,7,"03320"
3330,7,"03330"
3340,7,"03340"
3400,7,"03400"
3410,7,"03410"
3420,7,"03420"
3430,7,"03430"
3440,7,"03440"
3500,7,"03500"
3510,7,"03510"
3520,7,"03520"
3530,7,"03530"
3540,7,"03540"
3550,7,"03550"
3560,7,"03560"
3570,7,"03570"
3580,7,"03580"
3590,7,"03590"
3600,7,"03600"
3610,7,"03610"
3620,7,"03620"
3630,7,"03630"
3640,7,"03640"
3650,7,"03650"
3660,7,"03660"
3700,7,"03700"
3710,8,"03710"
3720,8,"03720"
3730,8,"03730"
3740,8,"03740"
3800,8,"03800"
3810,8,"03810"
3820,8,"03820"
3840,8,"03840"
3900,7,"03900"
3910,7,"03910"
3920,7,"03920"
3930,7,"03930"
3940,7,"03940"
4000,6,"04000"
4010,6,"04010"
4020,6,"04020"
4030,6,"04030"
4040,6,"04040"
4100,6,"04100"
4110,6,"04110"
4120,6,"04120"
4200,6,"04200"
4210,6,"04210"
4230,6,"04230"
4239,3,"04239"
4240,6,"04240"
4250,6,"04250"
4259,6,"04259"
4260,6,"04260"
4270,6,"04270"
4280,6,"04280"
4300,6,"04300"
4307,6,"04307"
4309,6,"04309"
4310,6,"04310"
4317,6,"04317"
4318,6,"04318"
4319,6,"04319"
4320,6,"04320"
4326,6,"04326"
4327,6,"04327"
4330,6,"04330"
4336,6,"04336"
4337,6,"04337"
4338,6,"04338"
4340,6,"04340"
4350,6,"04350"
4359,6,"04359"
4360,6,"04360"
4368,6,"04368"
4369,6,"04369"
4370,6,"04370"
4380,6,"04380"
4390,6,"04390"
4400,6,"04400"
4410,6,"04410"
4420,6,"04420"
4440,6,"04440"
4450,6,"04450"
4460,6,"04460"
4470,6,"04470"
4480,6,"04480"
4489,6,"04489"
4490,6,"04490"
4500,6,"04500"
4510,6,"04510"
4519,6,"04519"
4530,6,"04530"
4535,6,"04535"
4600,6,"04600"
4610,6,"04610"
4620,6,"04620"
4630,6,"04630"
4640,6,"04640"
4650,6,"04650"
4660,6,"04660"
4700,6,"04700"
4710,6,"04710"
4718,6,"04718"
4719,6,"04719"
4720,6,"04720"
4729,6,"04729"
4730,6,"04730"
4738,6,"04738"
4739,6,"04739"
4800,6,"04800"
4810,6,"04810"
4815,6,"04815"
4830,6,"04830"
4840,6,"04840"
4849,6,"04849"
4850,6,"04850"
4870,6,"04870"
4890,6,"04890"
4899,6,"04899"
4908,6,"04908"
4909,6,"04909"
4910,6,"04910"
4918,6,"04918"
4919,6,"04919"
4920,6,"04920"
4929,6,"04929"
4930,6,"04930"
4938,6,"04938"
4939,6,"04939"
4940,6,"04940"
4950,6,"04950"
4960,6,"04960"
4970,6,"04970"
4980,6,"04980"
5000,9,"05000"
5010,9,"05010"
5020,9,"05020"
5030,9,"05030"
5039,9,"05039"
5050,9,"05050"
5060,9,"05060"
5100,9,"05100"
5110,9,"05110"
5118,9,"05118"
5119,9,"05119"
5120,9,"05120"
5126,9,"05126"
5128,9,"05128"
5129,9,"05129"
5130,9,"05130"
5200,9,"05200"
5214,9,"05214"
5219,9,"05219"
5220,9,"05220"
5230,9,"05230"
5238,9,"05238"
5240,9,"05240"
5249,9,"05249"
5260,9,"05260"
5268,9,"05268"
5269,9,"05269"
5270,9,"05270"
5280,9,"05280"
5310,9,"05310"
5320,9,"05320"
5330,9,"05330"
5348,9,"05348"
5349,9,"05349"
5360,9,"05360"
5370,9,"05370"
5379,9,"05379"
5400,9,"05400"
5410,9,"05410"
5500,9,"05500"
5530,9,"05530"
5600,9,"05600"
5610,10,"05610"
5619,9,"05619"
5620,9,"05620"
5700,9,"05700"
5710,9,"05710"
5730,16,"05730"
5760,16,"05760"
5780,9,"05780"
6000,11,"06000"
6010,11,"06010"
6020,11,"06020"
6030,11,"06030"
6040,11,"06040"
6050,11,"06050"
6060,11,"06060"
6070,11,"06070"
6080,11,"06080"
6090,11,"06090"
6100,12,"06100"
6140,12,"06140"
6170,12,"06170"
6200,2,"06200"
6220,1,"06220"
6240,2,"06240"
6250,1,"06250"
6270,2,"06270"
6280,2,"06280"
6300,11,"06300"
6350,11,"06350"
6400,11,"06400"
6430,14,"06430"
6450,14,"06450"
6470,11,"06470"
6500,11,"06500"
6600,12,"06600"
6700,12,"06700"
6720,11,"06720"
6728,11,"06728"
6740,12,"06740"
6760,12,"06760"
6780,2,"06780"
6800,11,"06800"
6820,2,"06820"
6840,2,"06840"
6850,2,"06850"
6860,2,"06860"
6870,2,"06870"
6880,2,"06880"
6890,2,"06890"
6900,14,"06900"
6920,14,"06920"
7000,1,"07000"
7010,1,"07010"
7020,1,"07020"
7040,1,"07040"
7050,1,"07050"
7058,1,"07058"
7060,1,"07060"
7069,1,"07069"
7070,1,"07070"
7080,1,"07080"
7089,1,"07089"
7090,1,"07090"
7100,16,"07100"
7109,16,"07109"
7110,16,"07110"
7119,16,"07119"
7130,16,"07130"
7140,16,"07140"
7144,16,"07144"
7149,16,"07149"
7150,16,"07150"
7160,16,"07160"
7164,16,"07164"
7170,16,"07170"
7180,16,"07180"
7183,16,"07183"
7187,16,"07187"
7188,16,"07188"
7189,16,"07189"
7190,16,"07190"
7199,16,"07199"
7200,16,"07200"
7207,16,"07207"
7209,16,"07209"
7210,16,"07210"
7214,16,"07214"
7220,16,"07220"
7224,16,"07224"
7230,16,"07230"
7239,16,"07239"
7240,16,"07240"
7248,16,"07248"
7249,16,"07249"
7250,16,"07250"
7259,16,"07259"
7268,16,"07268"
7269,16,"07269"
7270,16,"07270"
7279,16,"07279"
7280,16,"07280"
7290,16,"07290"
7300,1,"07300"
7310,16,"07310"
7320,1,"07320"
7323,1,"07323"
7326,1,"07326"
7327,1,"07327"
7328,1,"07328"
7329,1,"07329"
7330,16,"07330"
7340,1,"07340"
7349,1,"07349"
7350,16,"07350"
7359,1,"07359"
7360,1,"07360"
7363,1,"07363"
7369,1,"07369"
7370,1,"07370"
7380,1,"07380"
7400,1,"07400"
7410,1,"07410"
7420,1,"07420"
7430,1,"07430"
7440,1,"07440"
7450,1,"07450"
7455,1,"07455"
7456,1,"07456"
7457,1,"07457"
7458,1,"07458"
7459,1,"07459"
7460,1,"07460"
7469,1,"07469"
7470,1,"07470"
7480,1,"07480"
7500,1,"07500"
7509,1,"07509"
7510,1,"07510"
7520,1,"07520"
7530,1,"07530"
7540,1,"07540"
7548,1,"07548"
7549,1,"07549"
7550,1,"07550"
7560,1,"07560"
7570,1,"07570"
7580,1,"07580"
7600,1,"07600"
7620,1,"07620"
7630,1,"07630"
7640,1,"07640"
7650,1,"07650"
7660,1,"07660"
7670,1,"07670"
7680,1,"07680"
7700,1,"07700"
7707,1,"07707"
7708,1,"07708"
7709,1,"07709"
7720,1,"07720"
7730,1,"07730"
7739,1,"07739"
7740,1,"07740"
7750,1,"07750"
7754,1,"07754"
7755,1,"07755"
7760,1,"07760"
7770,1,"07770"
7780,1,"07780"
7790,1,"07790"
7800,1,"07800"
7810,1,"07810"
7820,1,"07820"
7830,1,"07830"
7838,1,"07838"
7839,1,"07839"
7840,1,"07840"
7850,1,"07850"
7858,1,"07858"
7859,1,"07859"
7860,1,"07860"
7869,1,"07869"
7870,1,"07870"
7880,1,"07880"
7889,1,"07889"
7890,1,"07890"
7899,1,"07899"
7900,1,"07900"
7909,1,"07909"
7910,1,"07910"
7918,1,"07918"
7919,1,"07919"
7920,1,"07920"
7930,1,"07930"
7939,1,"07939"
7940,1,"07940"
7950,1,"07950"
7958,1,"07958"
7960,1,"07960"
7969,1,"07969"
7970,1,"07970"
7979,1,"07979"
7980,1,"07980"
7990,1,"07990"
8000,2,"08000"
8010,2,"08010"
8020,2,"08020"
8029,2,"08029"
8030,2,"08030"
8040,2,"08040"
8100,2,"08100"
8160,2,"08160"
8170,2,"08170"
8180,2,"08180"
8188,2,"08188"
8189,2,"08189"
8200,2,"08200"
8210,2,"08210"
8220,2,"08220"
8230,2,"08230"
8240,2,"08240"
8300,2,"08300"
8310,2,"08310"
8320,2,"08320"
8400,2,"08400"
8420,2,"08420"
8500,2,"08500"
8510,2,"08510"
8520,2,"08520"
8560,2,"08560"
8580,2,"08580"
8600,2,"08600"
8610,2,"08610"
8619,2,"08619"
8620,2,"08620"
8650,2,"08650"
8700,2,"08700"
8710,2,"08710"
8720,2,"08720"
8730,2,"08730"
8760,2,"08760"
8770,2,"08770"
8800,2,"08800"
8810,2,"08810"
8820,2,"08820"
8830,2,"08830"
8840,2,"08840"
8900,2,"08900"
8910,2,"08910"
8920,2,"08920"
8930,2,"08930"
9000,3,"09000"
9010,3,"09010"
9020,3,"09020"
9030,3,"09030"
9040,3,"09040"
9060,3,"09060"
9070,3,"09070"
9080,3,"09080"
9089,3,"09089"
9090,3,"09090"
9099,3,"09099"
9100,3,"09100"
9110,3,"09110"
9120,3,"09120"
9130,3,"09130"
9140,3,"09140"
9150,3,"09150"
9160,3,"09160"
9170,3,"09170"
9180,3,"09180"
9200,3,"09200"
9207,3,"09207"
9208,3,"09208"
9209,3,"09209"
9210,3,"09210"
9219,3,"09219"
9220,3,"09220"
9226,3,"09226"
9227,3,"09227"
9228,3,"09228"
9229,3,"09229"
9230,3,"09230"
9233,3,"09233"
9239,3,"09239"
9260,3,"09260"
9270,3,"09270"
9280,3,"09280"
9290,3,"09290"
9300,3,"09300"
9310,3,"09310"
9319,3,"09319"
9320,3,"09320"
9330,3,"09330"
9350,3,"09350"
9359,3,"09359"
9360,3,"09360"
9366,3,"09366"
9368,3,"09368"
9369,3,"09369"
9400,3,"09400"
9410,3,"09410"
9420,3,"09420"
9429,3,"09429"
9430,3,"09430"
9438,3,"09438"
9440,3,"09440"
9450,3,"09450"
9460,3,"09460"
9470,3,"09470"
9479,3,"09479"
9480,3,"09480"
9500,3,"09500"
9510,3,"09510"
9520,3,"09520"
9530,3,"09530"
9550,3,"09550"
9560,3,"09560"
9570,3,"09570"
9577,3,"09577"
9578,3,"09578"
9579,3,"09579"
9600,3,"09600"
9608,3,"09608"
9609,3,"09609"
9620,3,"09620"
9630,3,"09630"
9637,3,"09637"
9638,3,"09638"
9640,3,"09640"
9648,3,"09648"
9660,3,"09660"
9670,3,"09670"
9680,3,"09680"
9689,3,"09689"
9690,3,"09690"
9696,3,"09696"
9698,3,"09698"
9700,3,"09700"
9704,3,"09704"
9705,3,"09705"
9706,3,"09706"
9708,3,"09708"
9709,3,"09709"
9710,3,"09710"
9719,3,"09719"
9720,3,"09720"
9730,3,"09730"
9740,3,"09740"
9750,3,"09750"
9759,3,"09759"
9760,3,"09760"
9767,3,"09767"
9768,3,"09768"
9769,3,"09769"
9770,3,"09770"
9779,3,"09779"
9780,3,"09780"
9790,3,"09790"
9800,3,"09800"
9809,3,"09809"
9810,3,"09810"
9819,3,"09819"
9820,3,"09820"
9828,3,"09828"
9829,3,"09829"
9830,3,"09830"
9836,3,"09836"
9837,3,"09837"
9838,3,"09838"
9839,3,"09839"
9840,3,"09840"
9849,3,"09849"
9850,3,"09850"
9856,3,"09856"
9857,3,"09857"
9858,3,"09858"
9859,3,"09859"
9860,3,"09860"
9864,3,"09864"
9868,3,"09868"
9869,3,"09869"
9870,3,"09870"
9880,3,"09880"
9889,3,"09889"
9890,3,"09890"
9897,3,"09897"
9899,3,"09899"
9900,3,"09900"
9910,3,"09910"
9920,3,"09920"
9930,3,"09930"
9940,3,"09940"
9960,3,"09960"
9969,3,"09969"
9970,3,"09970"
9979,3,"09979"
10000,10,"10000"
10010,10,"10010"
10020,10,"10020"
10100,10,"10100"
10110,10,"10110"
10130,10,"10130"
10200,10,"10200"
10210,10,"10210"
10290,10,"10290"
10300,10,"10300"
10309,10,"10309"
10320,10,"10320"
10330,10,"10330"
10340,10,"10340"
10350,16,"10350"
10360,10,"10360"
10368,10,"10368"
10369,16,"10369"
10370,10,"10370"
10378,10,"10378"
10379,10,"10379"
10380,10,"10380"
10400,10,"10400"
10500,10,"10500"
10580,10,"10580"
10600,10,"10600"
10610,10,"10610"
10620,10,"10620"
10630,10,"10630"
10640,10,"10640"
10650,10,"10650"
10660,10,"10660"
10700,10,"10700"
10710,10,"10710"
10720,16,"10720"
10730,5,"10730"
10740,5,"10740"
10800,10,"10800"
10810,10,"10810"
10820,10,"10820"
10830,5,"10830"
10840,5,"10840"
10900,10,"10900"
10910,10,"10910"
10920,5,"10920"
10926,5,"10926"
11000,13,"11000"
11040,13,"11040"
11100,15,"11100"
11200,13,"11200"
11210,13,"11210"
11220,13,"11220"
11230,13,"11230"
11239,13,"11239"
11240,13,"11240"
11250,13,"11250"
11259,13,"11259"
11260,13,"11260"
11270,13,"11270"
11280,13,"11280"
11289,13,"11289"
11290,13,"11290"
11300,15,"11300"
11310,13,"11310"
11320,13,"11320"
11330,13,"11330"
11340,13,"11340"
11350,13,"11350"
11360,13,"11360"
11370,13,"11370"
11400,13,"11400"
11410,13,"11410"
11420,13,"11420"
11430,13,"11430"
11440,13,"11440"
11450,13,"11450"
11460,13,"11460"
11470,13,"11470"
11479,13,"11479"
11480,13,"11480"
11489,13,"11489"
11490,13,"11490"
11500,13,"11500"
11510,15,"11510"
11520,15,"11520"
11529,15,"11529"
11530,15,"11530"
11540,15,"11540"
11550,15,"11550"
11560,15,"11560"
11580,15,"11580"
11590,15,"11590"
11600,13,"11600"
11610,13,"11610"
11619,13,"11619"
11650,13,"11650"
11700,13,"11700"
11800,13,"11800"
11810,13,"11810"
11820,13,"11820"
11830,13,"11830"
11840,13,"11840"
11850,13,"11850"
11860,13,"11860"
11870,13,"11870"
11910,13,"11910"
11920,13,"11920"
11930,13,"11930"
11950,13,"11950"
12000,16,"12000"
12070,16,"12070"
12080,16,"12080"
12100,16,"12100"
12110,16,"12110"
12200,16,"12200"
12250,16,"12250"
12300,16,"12300"
12400,16,"12400"
12410,16,"12410"
12500,16,"12500"
12600,16,"12600"
12700,16,"12700"
12800,16,"12800"
12910,16,"12910"
12920,16,"12920"
12930,16,"12930"
12940,16,"12940"
12950,16,"12950"
13000,16,"13000"
13010,16,"13010"
13020,16,"13020"
13030,16,"13030"
13040,16,"13040"
13050,16,"13050"
13060,16,"13060"
13063,16,"13063"
13070,16,"13070"
13080,16,"13080"
13090,16,"13090"
13093,16,"13093"
13094,16,"13094"
13099,16,"13099"
13100,16,"13100"
13110,16,"13110"
13119,16,"13119"
13120,16,"13120"
13123,16,"13123"
13129,16,"13129"
13150,16,"13150"
13180,16,"13180"
13200,16,"13200"
13209,16,"13209"
13210,16,"13210"
13219,16,"13219"
13220,16,"13220"
13229,16,"13229"
13230,16,"13230"
13250,16,"13250"
13270,16,"13270"
13273,16,"13273"
13278,16,"13278"
13280,16,"13280"
13300,16,"13300"
13310,16,"13310"
13315,16,"13315"
13316,16,"13316"
13317,16,"13317"
13318,16,"13318"
13319,16,"13319"
13360,16,"13360"
13363,16,"13363"
13400,16,"13400"
13410,16,"13410"
13419,16,"13419"
13420,16,"13420"
13429,16,"13429"
13430,16,"13430"
13440,16,"13440"
13450,16,"13450"
13460,16,"13460"
13508,16,"13508"
13509,16,"13509"
13510,16,"13510"
13520,16,"13520"
13529,16,"13529"
13530,16,"13530"
13540,16,"13540"
13545,16,"13545"
13546,16,"13546"
13549,16,"13549"
13550,16,"13550"
13559,16,"13559"
13600,16,"13600"
13610,16,"13610"
13625,16,"13625"
13630,16,"13630"
13640,16,"13640"
13700,16,"13700"
14000,5,"14000"
14010,5,"14010"
14020,5,"14020"
14030,5,"14030"
14038,5,"14038"
14039,5,"14039"
14040,5,"14040"
14049,5,"14049"
14050,5,"14050"
14060,5,"14060"
14070,5,"14070"
14080,6,"14080"
14090,5,"14090"
14098,6,"14098"
14100,5,"14100"
14108,5,"14108"
14110,5,"14110"
14120,10,"14120"
14129,5,"14129"
14130,5,"14130"
14140,5,"14140"
14148,5,"14148"
14150,5,"14150"
14160,5,"14160"
14200,5,"14200"
14208,5,"14208"
14209,5,"14209"
14210,5,"14210"
14219,5,"14219"
14220,5,"14220"
14230,5,"14230"
14239,5,"14239"
14240,5,"14240"
14248,5,"14248"
14250,5,"14250"
14260,5,"14260"
14266,5,"14266"
14267,5,"14267"
14268,5,"14268"
14269,5,"14269"
14270,5,"14270"
14273,16,"14273"
14275,5,"14275"
14276,5,"14276"
14300,6,"14300"
14307,6,"14307"
14308,6,"14308"
14309,6,"14309"
14310,6,"14310"
14320,6,"14320"
14325,6,"14325"
14326,6,"14326"
14327,6,"14327"
14328,6,"14328"
14329,6,"14329"
14330,6,"14330"
14334,6,"14334"
14335,6,"14335"
14336,6,"14336"
14337,6,"14337"
14338,5,"14338"
14339,5,"14339"
14340,6,"14340"
14350,6,"14350"
14356,6,"14356"
14357,6,"14357"
14358,6,"14358"
14360,6,"14360"
14370,6,"14370"
14376,6,"14376"
14377,6,"14377"
14378,6,"14378"
14380,6,"14380"
14386,6,"14386"
14387,6,"14387"
14388,6,"14388"
14389,6,"14389"
14390,6,"14390"
14399,6,"14399"
14406,5,"14406"
14408,5,"14408"
14400,5,"14400"
14409,5,"14409"
14410,5,"14410"
14420,5,"14420"
14426,5,"14426"
14427,5,"14427"
14428,5,"14428"
14429,5,"14429"
14430,5,"14430"
14438,5,"14438"
14439,5,"14439"
14440,5,"14440"
14449,5,"14449"
14450,5,"14450"
14456,5,"14456"
14460,5,"14460"
14470,5,"14470"
14476,5,"14476"
14479,5,"14479"
14480,5,"14480"
14490,5,"14490"
14500,5,"14500"
14520,5,"14520"
14550,5,"14550"
14600,5,"14600"
14608,5,"14608"
14609,5,"14609"
14610,6,"14610"
14620,5,"14620"
14629,5,"14629"
14630,5,"14630"
14639,5,"14639"
14640,5,"14640"
14643,5,"14643"
14646,5,"14646"
14647,5,"14647"
14650,5,"14650"
14653,5,"14653"
14654,5,"14654"
14655,5,"14655"
14657,5,"14657"
14658,5,"14658"
14659,5,"14659"
14700,5,"14700"
14710,5,"14710"
14720,5,"14720"
14730,5,"14730"
14734,16,"14734"
14735,16,"14735"
14737,5,"14737"
14738,5,"14738"
14739,5,"14739"
14740,5,"14740"
14748,5,"14748"
14749,5,"14749"
14750,5,"14750"
14760,5,"14760"
14780,5,"14780"
14790,5,"14790"
14900,16,"14900"
15000,2,"15000"
15010,2,"15010"
15020,2,"15020"
15100,2,"15100"
15120,2,"15120"
15200,2,"15200"
15210,2,"15210"
15220,2,"15220"
15230,2,"15230"
15240,2,"15240"
15250,2,"15250"
15260,2,"15260"
15270,2,"15270"
15280,2,"15280"
15290,2,"15290"
15299,2,"15299"
15300,2,"15300"
15309,2,"15309"
15310,2,"15310"
15320,2,"15320"
15330,2,"15330"
15339,2,"15339"
15340,2,"15340"
15350,2,"15350"
15370,2,"15370"
15380,2,"15380"
15390,2,"15390"
15400,2,"15400"
15410,2,"15410"
15420,2,"15420"
15430,2,"15430"
15440,2,"15440"
15450,2,"15450"
15460,2,"15460"
15470,2,"15470"
15500,2,"15500"
15510,2,"15510"
15520,2,"15520"
15530,2,"15530"
15540,2,"15540"
15600,2,"15600"
15610,2,"15610"
15620,2,"15620"
15630,2,"15630"
15640,2,"15640"
15650,2,"15650"
15660,2,"15660"
15670,2,"15670"
15680,2,"15680"
15700,2,"15700"
15710,2,"15710"
15720,2,"15720"
15730,2,"15730"
15740,2,"15740"
15750,2,"15750"
15800,2,"15800"
15810,2,"15810"
15820,2,"15820"
15830,2,"15830"
15840,2,"15840"
15850,2,"15850"
15860,2,"15860"
15870,2,"15870"
15900,2,"15900"
15940,2,"15940"
15950,2,"15950"
15960,2,"15960"
15970,2,"15970"
15980,2,"15980"
15990,2,"15990"
16000,5,"16000"
16010,5,"16010"
16020,5,"16020"
16029,5,"16029"
16030,5,"16030"
16034,5,"16034"
16035,5,"16035"
16036,16,"16036"
16038,5,"16038"
16039,5,"16039"
16040,5,"16040"
16050,5,"16050"
16057,5,"16057"
16058,5,"16058"
16059,5,"16059"
16060,5,"16060"
16070,5,"16070"
16080,5,"16080"
16090,5,"16090"
16098,5,"16098"
16099,5,"16099"
16100,5,"16100"
16105,5,"16105"
16200,5,"16200"
16210,5,"16210"
16220,16,"16220"
16240,5,"16240"
16244,5,"16244"
16247,5,"16247"
16300,16,"16300"
16310,16,"16310"
16320,16,"16320"
16330,16,"16330"
16340,5,"16340"
16400,5,"16400"
16410,5,"16410"
16420,5,"16420"
16428,16,"16428"
16429,16,"16429"
16430,16,"16430"
16440,16,"16440"
16443,16,"16443"
16450,5,"16450"
16457,16,"16457"
16459,16,"16459"
16500,16,"16500"
16510,16,"16510"
16513,16,"16513"
16514,16,"16514"
16515,16,"16515"
16530,16,"16530"
16533,16,"16533"
16550,16,"16550"
16600,16,"16600"
16604,16,"16604"
16605,16,"16605"
16606,16,"16606"
16607,16,"16607"
16609,16,"16609"
16610,16,"16610"
16614,16,"16614"
16615,16,"16615"
16616,16,"16616"
16617,16,"16617"
16620,16,"16620"
16629,16,"16629"
16630,16,"16630"
16640,16,"16640"
16710,16,"16710"
16720,16,"16720"
16739,16,"16739"
16740,16,"16740"
16749,16,"16749"
16750,16,"16750"
16770,16,"16770"
16776,16,"16776"
16780,16,"16780"
16797,16,"16797"
16799,16,"16799"
16800,16,"16800"
16808,16,"16808"
16810,16,"16810"
16813,16,"16813"
16850,16,"16850"
16860,16,"16860"
16866,16,"16866"
16869,16,"16869"
16870,16,"16870"
16880,16,"16880"
16888,16,"16888"
16889,16,"16889"
16900,16,"16900"
16908,16,"16908"
16910,16,"16910"
5910,16,"05910"
5810,16,"05810"
5750,9,"05750"
5740,9,"05740"
5800,10,"05800"
1880,10,"01880"
14906,5,"14906"
14713,5,"14713"
14904,16,"14904"
14505,5,"14505"
14903,5,"14903"
14905,16,"14905"
14715,5,"14715"
14714,5,"14714"
14712,5,"14712"
14475,5,"14475"
14492,5,"14492"
14493,5,"14493"
10927,5,"10927"
10928,10,"10928"
16106,5,"16106"
16216,5,"16216"
16246,16,"16246"
16230,5,"16230"
16215,16,"16215"
16650,16,"16650"
16783,16,"16783"
16784,16,"16784"
16785,16,"16785"
16556,16,"16556"
16623,16,"16623"
16624,16,"16624"
16653,16,"16653"
16654,16,"16654"
16555,16,"16555"
16520,16,"16520"
16840,16,"16840"
12305,16,"12305"
12923,16,"12923"
12306,16,"12306"
12303,16,"12303"
12914,16,"12914"
12710,16,"12710"
12933,16,"12933"
12004,16,"12004"
12230,16,"12230"
12240,16,"12240"
12420,16,"12420"
12005,16,"12005"
12210,16,"12210"
12114,16,"12114"
12113,16,"12113"
12810,16,"12810"
12913,16,"12913"
13547,16,"13547"
12544,16,"12544"
12547,16,"12547"
12003,16,"12003"
12115,16,"12115"
12116,16,"12116"
12252,16,"12252"
12220,16,"12220"
12924,16,"12924"
12935,16,"12935"
13463,16,"13463"
16043,16,"16043"
7255,16,"07255"
12610,16,"12610"
13705,16,"13705"
12205,16,"12205"
13115,16,"13115"
13314,16,"13314"
13116,16,"13116"
13465,16,"13465"
13466,16,"13466"
13467,16,"13467"
16618,16,"16618"
16516,5,"16516"
16518,16,"16518"
16517,5,"16517"
16633,16,"16633"
16634,16,"16634"
16093,16,"16093"
7295,16,"07295"
7155,16,"07155"
7145,16,"07145"
7146,16,"07146"
7135,16,"07135"
9250,3,"09250"
9240,3,"09240"
